3112,9.73,9.6,0.13,-0.01,0,0,0,0,0
3149,9.66,9.6,0.06,0,0,0,0,0,0
3185,9.78,9.61,0.17,0.02,0,0,0,0,0
3221,9.97,9.62,0.35,0.05,0,0,0,0,0
3257,9.81,9.62,0.19,0.07,0,0,0,0,0
3293,10.3,9.64,0.66,0.12,0,0,0,0,0
3329,9.41,9.64,-0.23,0.09,0,0,0,0,0
3366,9.85,9.64,0.21,0.1,0,0,0,0,0
3402,10.52,9.67,0.85,0.18,0,0,0,0,0
3439,10.54,9.69,0.85,0.24,0,0,0,0,0
3476,8.98,9.67,-0.7,0.15,0,0,0,0,0
3513,9.75,9.68,0.07,0.14,0,0,0,0,0
3550,10.41,9.7,0.72,0.2,0,0,0,0,0
3587,10.44,9.72,0.72,0.25,0,0,0,0,0
3624,9.91,9.73,0.18,0.24,0,0,0,0,0
3661,7.6,9.66,-2.06,0.01,0,0,0,0,0
3698,8.7,9.63,-0.94,-0.08,0,0,0,0,0
3735,9.28,9.62,-0.35,-0.11,0,0,0,0,0
3772,9.5,9.62,-0.12,-0.11,0,0,0,0,0
3809,9.35,9.61,-0.26,-0.12,0,0,0,0,0
3846,8.83,9.59,-0.76,-0.19,0,0,0,0,0
3883,8.25,9.55,-1.3,-0.3,0,0,0,0,0
3920,8.77,9.52,-0.75,-0.34,0,0,0,0,0
3957,8.16,9.48,-1.32,-0.44,0,0,0,0,0
3994,8.47,9.45,-0.98,-0.49,0,0,0,0,0
4031,9.07,9.44,-0.37,-0.48,0,0,0,0,0
4068,9.42,9.44,-0.02,-0.44,0,0,0,0,0
4105,9.72,9.45,0.27,-0.37,0,0,0,0,0
4142,10.07,9.47,0.6,-0.27,0,0,0,0,0
4179,10.8,9.51,1.29,-0.11,0,0,0,0,0
4216,10.97,9.55,1.42,0.04,0,0,0,0,0
4252,9.39,9.55,-0.16,0.02,0,0,0,0,0
4289,9.53,9.55,-0.02,0.02,0,0,0,0,0
4326,10.13,9.56,0.57,0.07,0,0,0,0,0
4362,8.9,9.54,-0.64,0,0,0,0,0,0
4399,9.38,9.54,-0.16,-0.02,0,0,0,0,0
4436,8.96,9.52,-0.56,-0.07,0,0,0,0,0
4473,9.61,9.52,0.09,-0.05,0,0,0,0,0
4510,9.96,9.54,0.42,-0.01,0,0,0,0,0
4547,9.83,9.55,0.28,0.02,0,0,0,0,0
4583,9.92,9.56,0.37,0.06,0,0,0,0,0
4619,10,9.57,0.43,0.09,0,0,0,0,0
4655,8.74,9.55,-0.81,0,0,0,0,0,0
4692,9.75,9.55,0.2,0.02,0,0,0,0,0
4728,9.65,9.55,0.09,0.03,0,0,0,0,0
4764,9.32,9.55,-0.23,0,0,0,0,0,0
4801,9.58,9.55,0.03,0.01,0,0,0,0,0
4838,9.76,9.55,0.21,0.03,0,0,0,0,0
4874,9.76,9.56,0.2,0.04,0,0,0,0,0
4910,9.96,9.57,0.39,0.08,0,0,0,0,0
4946,9.88,9.58,0.3,0.1,0,0,0,0,0
4982,9.68,9.59,0.1,0.1,0,0,0,0,0
5018,9.43,9.58,-0.15,0.08,0,0,0,0,0
5055,9.53,9.58,-0.05,0.06,0,0,0,0,0
5092,9.5,9.58,-0.08,0.05,0,0,0,0,0
5129,9.46,9.57,-0.11,0.03,0,0,0,0,0
5166,9.56,9.57,-0.02,0.03,0,0,0,0,0
5203,9.44,9.57,-0.13,0.01,0,0,0,0,0
5240,9.43,9.56,-0.13,0,0,0,0,0,0
5277,9.58,9.56,0.01,0,0,0,0,0,0
5314,9.59,9.57,0.03,0,0,0,0,0,0
5350,9.59,9.57,0.02,0,0,0,0,0,0
5386,9.55,9.57,-0.01,0,0,0,0,0,0
5423,9.57,9.57,0,0,0,0,0,0,0
5460,9.59,9.57,0.03,0,0,0,0,0,0
5497,9.76,9.57,0.19,0.02,0,0,0,0,0
5534,9.66,9.58,0.09,0.03,0,0,0,0,0
5571,9.5,9.57,-0.08,0.02,0,0,0,0,0
5608,9.51,9.57,-0.06,0.01,0,0,0,0,0
5645,9.58,9.57,0.01,0.01,0,0,0,0,0
5682,9.57,9.57,0,0.01,0,0,0,0,0
5719,9.59,9.57,0.02,0.01,0,0,0,0,0
5756,9.63,9.57,0.05,0.01,0,0,0,0,0
5793,9.51,9.57,-0.06,0.01,0,0,0,0,0
5830,9.47,9.57,-0.1,0,0,0,0,0,0
5867,9.48,9.57,-0.09,-0.01,0,0,0,0,0
5904,9.48,9.56,-0.08,-0.02,0,0,0,0,0
5941,9.63,9.57,0.06,-0.01,0,0,0,0,0
5978,9.59,9.57,0.02,-0.01,0,0,0,0,0
6015,9.51,9.56,-0.05,-0.01,0,1,0,1,0
6052,9.56,9.56,-0.01,-0.01,0,1,0,1,0
6089,9.62,9.57,0.06,0,0,1,0,1,0
6126,9.59,9.57,0.02,0,0,1,0,1,0
6163,9.67,9.57,0.1,0.01,0,1,0,1,0
6200,9.64,9.57,0.06,0.01,0,1,0,1,0
6237,9.53,9.57,-0.04,0.01,0,1,0,1,0
6274,9.5,9.57,-0.07,0,0,1,0,1,0
6311,9.54,9.57,-0.03,0,0,1,0,1,0
6348,9.57,9.57,0,0,0,1,0,1,0
6385,9.54,9.57,-0.03,0,0,1,0,1,0
6422,9.55,9.57,-0.02,-0.01,0,1,0,1,0
6459,9.59,9.57,0.03,0,0,1,0,1,0
6496,9.53,9.57,-0.04,-0.01,0,1,0,1,0
6533,9.6,9.57,0.03,0,0,1,0,1,0
6570,9.54,9.57,-0.02,0,0,1,0,1,0
6607,9.57,9.57,0,0,0,1,0,1,0
6644,9.54,9.57,-0.03,-0.01,0,1,0,1,0
6681,11.2,9.61,1.59,0.15,0,1,0,1,0
6718,15.32,9.79,5.54,0.69,0,1,0,1,0
6755,16.79,10,6.8,1.3,0,1,0,2,0
6792,17.99,10.24,7.75,1.95,0,1,0,2,0
6829,19.22,10.5,8.71,2.62,0,1,0,2,0
6866,18.24,10.74,7.51,3.11,0,1,0,2,0
6903,15.63,10.88,4.74,3.28,0,1,0,2,0
6940,10.83,10.88,-0.05,2.94,0,1,0,2,0
6977,9.41,10.84,-1.42,2.51,0,1,0,2,0
7014,6.04,10.69,-4.65,1.79,0,1,0,2,0
7051,5.58,10.54,-4.97,1.11,0,1,0,2,0
7088,6.19,10.41,-4.22,0.58,0,1,0,2,0
7125,4.02,10.22,-6.2,-0.1,0,1,0,2,0
7162,3.95,10.03,-6.08,-0.69,0,1,0,2,0
7199,4.7,9.87,-5.17,-1.14,1,1,0,0,0
7236,5.07,9.73,-4.66,-1.49,1,1,0,0,0
7273,5.48,9.6,-4.12,-1.76,1,1,0,0,0
7310,6.18,9.5,-3.32,-1.91,1,1,0,0,0
7347,5.9,9.39,-3.49,-2.07,1,1,0,0,0
7384,4.76,9.25,-4.49,-2.31,1,1,0,0,0
7421,3.76,9.09,-5.32,-2.61,1,1,0,0,0
7458,8.4,9.06,-0.66,-2.42,1,1,0,0,0
7495,8.17,9.04,-0.87,-2.26,1,1,0,0,0
7532,7.06,8.98,-1.92,-2.23,1,1,0,0,0
7569,11.29,9.05,2.24,-1.78,1,1,0,0,0
7606,9.05,9.05,0,-1.6,1,1,0,0,0
7643,10.2,9.08,1.12,-1.33,1,1,0,0,0
7680,8.47,9.06,-0.6,-1.26,1,1,0,0,0
7717,11.44,9.14,2.31,-0.9,1,1,0,0,0
7754,13.42,9.26,4.16,-0.4,1,1,0,1,0
7791,11.6,9.33,2.26,-0.13,1,1,0,1,0
7828,15.83,9.53,6.3,0.51,1,1,0,1,0
7865,14.91,9.69,5.22,0.98,1,1,0,1,0
7902,11.7,9.75,1.94,1.08,1,1,0,2,0
7939,10.42,9.77,0.65,1.04,1,1,0,2,0
7976,9.98,9.78,0.21,0.95,1,1,0,2,0
8013,9.65,9.77,-0.12,0.85,1,1,0,2,0
8050,11.01,9.81,1.2,0.88,1,1,0,2,0
8087,11.83,9.87,1.96,0.99,1,1,0,2,0
8124,10.79,9.9,0.89,0.98,1,1,0,2,0
8161,10.46,9.91,0.54,0.94,1,1,0,2,0
8198,10.25,9.92,0.32,0.87,1,1,0,2,0
8235,10.52,9.94,0.58,0.84,1,1,0,2,0
8272,10.51,9.96,0.55,0.82,1,1,0,2,0
8309,11.06,9.99,1.07,0.84,1,1,0,2,0
8346,12.63,10.07,2.56,1.01,1,1,0,2,0
8383,15.71,10.24,5.47,1.46,1,1,0,2,0
8420,16.95,10.44,6.51,1.96,1,1,0,2,0
8457,17.73,10.66,7.07,2.47,1,1,0,2,0
8494,16.52,10.84,5.69,2.8,1,1,0,2,0
8531,16.23,11,5.23,3.04,1,1,0,2,0
8568,14.73,11.11,3.62,3.1,1,1,0,2,0
8605,13.07,11.17,1.9,2.98,1,1,0,2,0
8642,11.18,11.17,0.01,2.68,1,1,0,2,0
8679,10.26,11.14,-0.89,2.32,1,1,0,2,0
8716,6.73,11.01,-4.28,1.66,1,1,0,2,0
8753,5.49,10.84,-5.36,0.96,1,1,0,2,0
8790,4.36,10.65,-6.29,0.24,1,1,0,2,0
8827,3.03,10.42,-7.4,-0.53,1,1,0,2,0
8864,3.91,10.23,-6.32,-1.11,2,1,0,0,0
8901,4.49,10.05,-5.56,-1.55,2,1,0,0,0
8938,6.85,9.96,-3.11,-1.71,2,1,0,0,0
8975,6.21,9.85,-3.63,-1.9,2,1,0,0,0
9012,5.53,9.72,-4.19,-2.13,2,1,0,0,0
9049,5.23,9.58,-4.35,-2.35,2,1,0,0,0
9086,4.22,9.42,-5.2,-2.64,2,1,0,0,0
9123,8.59,9.4,-0.8,-2.45,2,1,0,0,0
9160,8.25,9.36,-1.11,-2.32,2,1,0,0,0
9197,10.49,9.4,1.09,-1.98,2,1,0,0,0
9234,12.41,9.49,2.93,-1.49,2,1,0,0,0
9271,5.93,9.38,-3.45,-1.68,2,1,0,0,0
9308,10.72,9.42,1.3,-1.38,2,1,0,0,0
9345,10.8,9.46,1.33,-1.11,2,1,0,0,0
9382,7.81,9.41,-1.6,-1.16,2,1,0,0,0
9419,11.53,9.47,2.06,-0.84,2,1,0,0,0
9456,10.01,9.49,0.52,-0.7,2,1,0,0,0
9493,13.02,9.6,3.43,-0.29,2,1,0,1,0
9530,14.95,9.76,5.2,0.26,2,1,0,1,0
9567,12.41,9.84,2.57,0.49,2,1,0,1,0
9604,11.85,9.9,1.95,0.64,2,1,0,1,0
9641,11.04,9.93,1.1,0.68,2,1,0,1,0
9678,10.83,9.96,0.87,0.7,2,1,0,1,0
9715,10.92,9.99,0.93,0.72,2,1,0,1,0
9752,10.9,10.01,0.89,0.74,2,1,0,1,0
9789,10.85,10.04,0.81,0.75,2,1,0,1,0
9826,10.36,10.05,0.32,0.7,2,1,0,1,0
9863,10.66,10.07,0.59,0.69,2,1,0,1,0
9900,10.51,10.08,0.43,0.67,2,1,0,1,0
9937,9.96,10.08,-0.12,0.59,2,1,0,1,0
9974,10.29,10.08,0.2,0.55,2,1,0,1,0
10011,10.84,10.11,0.73,0.57,2,1,0,1,0
10048,11.78,10.16,1.63,0.67,2,1,0,1,0
10085,14.94,10.3,4.64,1.07,2,1,0,2,0
10122,17.61,10.52,7.09,1.67,2,1,0,2,0
10159,17.66,10.73,6.93,2.2,2,1,0,2,0
10196,17.76,10.94,6.82,2.66,2,1,0,2,0
10233,16.65,11.12,5.53,2.95,2,1,0,2,0
10270,15.52,11.25,4.27,3.08,2,1,0,2,0
10307,13.43,11.31,2.12,2.98,2,1,0,2,0
10344,12.1,11.34,0.76,2.76,2,1,0,2,0
10381,10.05,11.3,-1.25,2.36,2,1,0,2,0
10418,7.18,11.17,-3.99,1.72,2,1,0,2,0
10455,5.79,11.01,-5.22,1.03,2,1,0,2,0
10492,6.15,10.87,-4.72,0.46,2,1,0,2,0
10529,4.08,10.66,-6.58,-0.25,2,1,0,2,0
10566,4.1,10.47,-6.37,-0.86,2,1,0,2,0
10603,3.98,10.27,-6.29,-1.4,3,1,0,0,0
10640,5.91,10.14,-4.23,-1.69,3,1,0,0,0
10677,6.82,10.04,-3.22,-1.84,3,1,0,0,0
10714,6.62,9.94,-3.32,-1.99,3,1,0,0,0
10751,6.52,9.84,-3.32,-2.12,3,1,0,0,0
10788,5.53,9.71,-4.17,-2.33,3,1,0,0,0
10825,4.57,9.55,-4.98,-2.59,3,1,0,0,0
10862,5.59,9.43,-3.85,-2.72,3,1,0,0,0
10899,8.23,9.4,-1.17,-2.56,3,1,0,0,0
10936,9.6,9.4,0.2,-2.29,3,1,0,0,0
10973,9.12,9.4,-0.28,-2.09,3,1,0,0,0
11010,10,9.41,0.58,-1.82,3,1,0,0,0
11047,10.29,9.44,0.85,-1.55,3,1,0,0,0
11084,9.54,9.44,0.1,-1.39,3,1,0,0,0
11121,10.58,9.48,1.11,-1.14,3,1,0,0,0
11158,14.05,9.61,4.44,-0.58,3,1,0,0,0
11195,10.82,9.65,1.17,-0.41,3,1,0,0,0
11232,11.58,9.71,1.87,-0.18,3,1,0,1,0
11269,12.04,9.78,2.26,0.07,3,1,0,1,0
11306,12.64,9.86,2.78,0.34,3,1,0,1,0
11343,14.19,9.99,4.2,0.72,3,1,0,1,0
11380,12.56,10.07,2.49,0.9,3,1,0,1,0
11417,10.52,10.08,0.44,0.85,3,1,0,1,0
11454,9.47,10.07,-0.6,0.71,3,1,0,1,0
11491,10.28,10.07,0.21,0.66,3,1,0,1,0
11528,10.8,10.09,0.7,0.66,3,1,0,1,0
11565,10.98,10.12,0.86,0.68,3,1,0,1,0
11602,10.97,10.15,0.83,0.7,3,1,0,1,0
11639,10.12,10.15,-0.03,0.62,3,1,0,1,0
11676,10.11,10.14,-0.04,0.56,3,1,0,1,0
11713,10.15,10.14,0,0.5,3,1,0,1,0
11750,10.25,10.15,0.1,0.46,3,1,0,1,0
11787,10.48,10.16,0.32,0.45,3,1,0,1,0
11824,11.02,10.18,0.83,0.49,3,1,0,1,0
11861,12.51,10.25,2.26,0.66,3,1,0,1,0
11898,16.88,10.45,6.43,1.24,3,1,0,2,0
11935,17.64,10.67,6.97,1.81,3,1,0,2,0
11972,16.28,10.84,5.44,2.18,3,1,0,2,0
12009,16.42,11,5.42,2.5,3,1,0,2,0
12046,16.11,11.16,4.95,2.75,3,1,0,2,0
12083,14.1,11.25,2.86,2.76,3,1,0,2,0
12120,11.8,11.26,0.54,2.54,3,1,0,2,0
12157,11.66,11.27,0.39,2.32,3,1,0,2,0
12194,9.59,11.22,-1.63,1.93,3,1,0,2,0
12231,7.43,11.11,-3.68,1.36,3,1,0,2,0
12268,5.87,10.95,-5.08,0.72,3,1,0,2,0
12305,5.96,10.8,-4.84,0.16,3,1,0,2,0
12342,3.57,10.59,-7.02,-0.55,3,1,0,2,0
12379,3.54,10.37,-6.84,-1.18,4,1,0,0,0
12416,5.13,10.22,-5.08,-1.57,4,1,0,0,0
12453,7.43,10.13,-2.7,-1.69,4,1,0,0,0
12490,7.03,10.04,-3.01,-1.82,4,1,0,0,0
12527,6.49,9.93,-3.44,-1.98,4,1,0,0,0
12564,5.55,9.8,-4.26,-2.21,4,1,0,0,0
12601,4.78,9.65,-4.87,-2.47,4,1,0,0,0
12638,6.51,9.56,-3.05,-2.53,4,1,0,0,0
12675,6.99,9.48,-2.49,-2.53,4,1,0,0,0
12712,9.96,9.49,0.46,-2.23,4,1,0,0,0
12749,7.93,9.45,-1.51,-2.16,4,1,0,0,0
12786,7.37,9.39,-2.01,-2.14,4,1,0,0,0
12823,12.02,9.46,2.56,-1.67,4,1,0,0,0
12860,9.56,9.47,0.1,-1.5,4,1,0,0,0
12897,10.93,9.51,1.42,-1.2,4,1,0,0,0
12934,11.21,9.56,1.65,-0.92,4,1,0,0,0
12971,12.18,9.64,2.54,-0.57,4,1,0,0,0
13008,10.32,9.66,0.66,-0.45,4,1,0,0,0
13045,12.69,9.75,2.93,-0.11,4,1,0,1,0
13082,13.92,9.88,4.05,0.3,4,1,0,1,0
13119,11.9,9.94,1.96,0.47,4,1,0,1,0
13156,11.7,9.99,1.71,0.59,4,1,0,1,0
13193,11.18,10.03,1.16,0.65,4,1,0,1,0
13230,10.68,10.05,0.63,0.65,4,1,0,1,0
13267,10.54,10.06,0.48,0.63,4,1,0,1,0
13304,10.47,10.07,0.4,0.61,4,1,0,1,0
13341,10.31,10.08,0.23,0.57,4,1,0,1,0
13378,10.34,10.09,0.26,0.54,4,1,0,1,0
13415,10.75,10.11,0.64,0.55,4,1,0,1,0
13452,10.7,10.13,0.58,0.55,4,1,0,1,0
13489,10.8,10.15,0.66,0.56,4,1,0,1,0
13526,11.07,10.17,0.9,0.6,4,1,0,1,0
13563,11.53,10.22,1.32,0.67,4,1,0,1,0
13600,12.52,10.28,2.24,0.83,4,1,0,1,0
13637,15.13,10.43,4.7,1.21,4,1,0,2,0
13674,16.26,10.6,5.65,1.66,4,1,0,2,0
13711,17.48,10.81,6.66,2.16,4,1,0,2,0
13748,16.76,10.99,5.77,2.52,4,1,0,2,0
13785,15.31,11.12,4.19,2.69,4,1,0,2,0
13822,13.68,11.2,2.49,2.67,4,1,0,2,0
13859,11.79,11.21,0.58,2.46,4,1,0,2,0
13896,10.62,11.2,-0.57,2.15,4,1,0,2,0
13933,9.7,11.15,-1.45,1.79,4,1,0,2,0
13970,7.39,11.04,-3.65,1.25,4,1,0,2,0
14007,6.29,10.9,-4.6,0.66,4,1,0,2,0
14044,6.83,10.77,-3.94,0.2,4,1,0,2,0
14081,4.81,10.59,-5.79,-0.4,4,1,0,2,0
14118,3.59,10.38,-6.8,-1.04,5,1,0,0,0
14155,4.39,10.2,-5.81,-1.51,5,1,0,0,0
14192,6.01,10.08,-4.07,-1.77,5,1,0,0,0
14229,7.69,10.01,-2.32,-1.82,5,1,0,0,0
14266,6.73,9.91,-3.18,-1.96,5,1,0,0,0
14303,6.79,9.82,-3.03,-2.07,5,1,0,0,0
14340,7.54,9.75,-2.2,-2.08,5,1,0,0,0
14377,6.24,9.64,-3.4,-2.21,5,1,0,0,0
14414,6.91,9.56,-2.65,-2.26,5,1,0,0,0
14451,7.69,9.5,-1.82,-2.21,5,1,0,0,0
14488,7.24,9.44,-2.2,-2.21,5,1,0,0,0
14525,11.19,9.49,1.7,-1.82,5,1,0,0,0
14562,7.67,9.43,-1.76,-1.81,5,1,0,0,0
14599,8.9,9.42,-0.52,-1.68,5,1,0,0,0
14636,12.38,9.51,2.87,-1.23,5,1,0,0,0
14673,5.97,9.4,-3.43,-1.45,5,1,0,0,0
14710,8.27,9.37,-1.1,-1.41,5,1,0,0,0
14747,8.78,9.35,-0.57,-1.33,5,1,0,0,0
14784,10.25,9.38,0.87,-1.11,5,1,0,0,0
14821,13.01,9.49,3.52,-0.65,5,1,0,0,0
14858,11.03,9.53,1.49,-0.43,5,1,0,0,0
14895,13.6,9.65,3.95,0.01,5,1,0,1,0
14932,12.08,9.73,2.35,0.24,5,1,0,1,0
14969,11.19,9.77,1.42,0.36,5,1,0,1,0
15006,11.03,9.81,1.22,0.44,5,1,0,1,0
15043,11.18,9.85,1.33,0.53,5,1,0,1,0
15080,11.9,9.91,1.99,0.68,5,1,0,1,0
15117,11.88,9.97,1.91,0.8,5,1,0,1,0
15154,11.14,10,1.14,0.84,5,1,0,1,0
15191,10.47,10.02,0.45,0.8,5,1,0,1,0
15228,10.77,10.04,0.73,0.79,5,1,0,1,0
15265,11.15,10.07,1.08,0.82,5,1,0,1,0
15302,11.16,10.11,1.05,0.84,5,1,0,1,0
15339,10.66,10.12,0.54,0.81,5,1,0,1,0
15376,10.01,10.12,-0.11,0.72,5,1,0,1,0
15413,9.41,10.1,-0.69,0.58,5,1,0,1,0
15450,9.25,10.07,-0.83,0.44,5,1,0,1,0
15487,9.23,10.05,-0.82,0.31,5,1,0,1,0
15524,9.47,10.03,-0.56,0.22,5,1,0,1,0
15561,9.38,10.01,-0.63,0.14,5,1,0,1,0
15598,9.4,9.99,-0.59,0.07,5,1,0,1,0
15635,9.37,9.97,-0.6,0,5,1,0,1,0
15672,9.47,9.96,-0.49,-0.05,5,1,0,1,0
15709,9.51,9.95,-0.43,-0.09,5,1,0,1,0
15746,10,9.95,0.05,-0.07,5,1,0,1,0
15783,13.68,10.06,3.62,0.3,5,1,0,1,0
15820,11.81,10.11,1.7,0.44,5,1,0,1,0
15857,10.01,10.11,-0.1,0.38,5,1,0,1,0
15894,8.65,10.07,-1.41,0.2,5,1,0,1,0
15931,8.31,10.01,-1.71,0.01,5,1,0,1,0
15968,8.43,9.97,-1.53,-0.14,5,1,0,1,0
16005,8.9,9.93,-1.03,-0.23,5,1,0,1,0
16042,9.33,9.91,-0.59,-0.27,5,1,0,1,0
16079,9.73,9.91,-0.18,-0.26,5,1,0,1,0
16116,9.6,9.9,-0.3,-0.26,5,1,0,1,0
16153,9.42,9.89,-0.47,-0.28,5,1,0,1,0
16190,9.24,9.87,-0.62,-0.32,5,1,0,1,0
16227,9.54,9.86,-0.32,-0.32,5,1,0,1,0
16264,9.62,9.85,-0.23,-0.31,5,1,0,1,0
16301,9.6,9.84,-0.24,-0.3,5,1,0,1,0
16338,9.66,9.84,-0.18,-0.29,5,1,0,1,0
16375,9.73,9.83,-0.11,-0.27,5,1,0,1,0
16412,9.71,9.83,-0.12,-0.26,5,1,0,1,0
16449,9.85,9.83,0.02,-0.23,5,1,0,1,0
16486,9.82,9.83,-0.01,-0.21,5,1,0,1,0
16523,9.84,9.83,0.01,-0.18,5,1,0,1,0
16560,9.67,9.83,-0.16,-0.18,5,1,0,1,0
16597,9.63,9.82,-0.19,-0.18,5,1,0,1,0
16634,9.66,9.82,-0.15,-0.18,5,1,0,1,0
16671,9.64,9.81,-0.17,-0.18,5,1,0,1,0
16708,9.64,9.8,-0.16,-0.18,5,1,0,1,0
16745,9.62,9.8,-0.18,-0.18,5,1,0,1,0
16782,9.46,9.79,-0.33,-0.19,5,1,0,1,0
16819,9.6,9.78,-0.18,-0.19,5,1,0,1,0
16856,9.65,9.78,-0.13,-0.18,5,1,0,1,0
16893,9.68,9.78,-0.09,-0.17,5,1,0,1,0
16930,9.6,9.77,-0.18,-0.18,5,1,0,1,0
16967,9.44,9.76,-0.32,-0.19,5,1,0,1,0
17004,9.62,9.76,-0.13,-0.18,5,1,0,1,0
